PLACEA,COUNTYA,PLACE_TYPE
00562,001,INCORPORATED PLACE
00674,001,INCORPORATED PLACE
02980,001,CENSUS DESIGNATED PLACE
06000,001,INCORPORATED PLACE
11964,001,CENSUS DESIGNATED PLACE
12902,001,CENSUS DESIGNATED PLACE
20018,001,INCORPORATED PLACE
22594,001,INCORPORATED PLACE
23350,001,CENSUS DESIGNATED PLACE
26000,001,INCORPORATED PLACE
33000,001,INCORPORATED PLACE
41992,001,INCORPORATED PLACE
50916,001,INCORPORATED PLACE
53000,001,INCORPORATED PLACE
56938,001,INCORPORATED PLACE
57792,001,INCORPORATED PLACE
68084,001,INCORPORATED PLACE
68112,001,CENSUS DESIGNATED PLACE
77042,001,CENSUS DESIGNATED PLACE
81204,001,INCORPORATED PLACE
01228,003,CENSUS DESIGNATED PLACE
04716,003,CENSUS DESIGNATED PLACE
38646,003,CENSUS DESIGNATED PLACE
45988,003,CENSUS DESIGNATED PLACE
47086,003,CENSUS DESIGNATED PLACE
01514,005,INCORPORATED PLACE
01518,005,CENSUS DESIGNATED PLACE
08680,005,CENSUS DESIGNATED PLACE
08828,005,CENSUS DESIGNATED PLACE
10042,005,CENSUS DESIGNATED PLACE
10044,005,CENSUS DESIGNATED PLACE
19976,005,CENSUS DESIGNATED PLACE
23980,005,CENSUS DESIGNATED PLACE
36672,005,INCORPORATED PLACE
36980,005,INCORPORATED PLACE
42142,005,CENSUS DESIGNATED PLACE
46100,005,CENSUS DESIGNATED PLACE
57148,005,CENSUS DESIGNATED PLACE
57330,005,CENSUS DESIGNATED PLACE
57834,005,INCORPORATED PLACE
59896,005,CENSUS DESIGNATED PLACE
61124,005,CENSUS DESIGNATED PLACE
77392,005,INCORPORATED PLACE
83094,005,CENSUS DESIGNATED PLACE
03792,007,CENSUS DESIGNATED PLACE
06070,007,CENSUS DESIGNATED PLACE
06560,007,INCORPORATED PLACE
09310,007,CENSUS DESIGNATED PLACE
09318,007,CENSUS DESIGNATED PLACE
09324,007,CENSUS DESIGNATED PLACE
12818,007,CENSUS DESIGNATED PLACE
13014,007,INCORPORATED PLACE
14148,007,CENSUS DESIGNATED PLACE
14442,007,CENSUS DESIGNATED PLACE
16035,007,CENSUS DESIGNATED PLACE
20270,007,CENSUS DESIGNATED PLACE
24750,007,CENSUS DESIGNATED PLACE
24918,007,CENSUS DESIGNATED PLACE
31260,007,INCORPORATED PLACE
34428,007,CENSUS DESIGNATED PLACE
38024,007,CENSUS DESIGNATED PLACE
45120,007,CENSUS DESIGNATED PLACE
51574,007,CENSUS DESIGNATED PLACE
54386,007,INCORPORATED PLACE
54388,007,CENSUS DESIGNATED PLACE
55086,007,CENSUS DESIGNATED PLACE
55520,007,INCORPORATED PLACE
59115,007,CENSUS DESIGNATED PLACE
60662,007,CENSUS DESIGNATED PLACE
62200,007,CENSUS DESIGNATED PLACE
73178,007,CENSUS DESIGNATED PLACE
74186,007,CENSUS DESIGNATED PLACE
78470,007,CENSUS DESIGNATED PLACE
86678,007,CENSUS DESIGNATED PLACE
02112,009,INCORPORATED PLACE
02770,009,CENSUS DESIGNATED PLACE
03316,009,CENSUS DESIGNATED PLACE
16210,009,CENSUS DESIGNATED PLACE
19570,009,CENSUS DESIGNATED PLACE
24897,009,CENSUS DESIGNATED PLACE
48480,009,CENSUS DESIGNATED PLACE
49628,009,CENSUS DESIGNATED PLACE
50034,009,CENSUS DESIGNATED PLACE
59220,009,CENSUS DESIGNATED PLACE
59426,009,CENSUS DESIGNATED PLACE
64420,009,CENSUS DESIGNATED PLACE
81652,009,CENSUS DESIGNATED PLACE
81890,009,CENSUS DESIGNATED PLACE
83304,009,CENSUS DESIGNATED PLACE
84732,009,CENSUS DESIGNATED PLACE
02420,011,CENSUS DESIGNATED PLACE
14554,011,CENSUS DESIGNATED PLACE
14946,011,INCORPORATED PLACE
31288,011,CENSUS DESIGNATED PLACE
42230,011,CENSUS DESIGNATED PLACE
46338,011,CENSUS DESIGNATED PLACE
58758,011,CENSUS DESIGNATED PLACE
75154,011,CENSUS DESIGNATED PLACE
85586,011,INCORPORATED PLACE
00135,013,CENSUS DESIGNATED PLACE
00618,013,CENSUS DESIGNATED PLACE
00898,013,CENSUS DESIGNATED PLACE
02252,013,INCORPORATED PLACE
04415,013,CENSUS DESIGNATED PLACE
04470,013,CENSUS DESIGNATED PLACE
06210,013,CENSUS DESIGNATED PLACE
06928,013,CENSUS DESIGNATED PLACE
08142,013,INCORPORATED PLACE
09346,013,CENSUS DESIGNATED PLACE
10301,013,CENSUS DESIGNATED PLACE
11915,013,CENSUS DESIGNATED PLACE
13882,013,INCORPORATED PLACE
14232,013,CENSUS DESIGNATED PLACE
16000,013,INCORPORATED PLACE
16090,013,CENSUS DESIGNATED PLACE
17274,013,CENSUS DESIGNATED PLACE
17988,013,INCORPORATED PLACE
19150,013,CENSUS DESIGNATED PLACE
19339,013,CENSUS DESIGNATED PLACE
21061,013,CENSUS DESIGNATED PLACE
21796,013,INCORPORATED PLACE
22454,013,CENSUS DESIGNATED PLACE
33308,013,INCORPORATED PLACE
38086,013,CENSUS DESIGNATED PLACE
38772,013,CENSUS DESIGNATED PLACE
39122,013,INCORPORATED PLACE
46114,013,INCORPORATED PLACE
48718,013,CENSUS DESIGNATED PLACE
49187,013,INCORPORATED PLACE
49651,013,CENSUS DESIGNATED PLACE
51622,013,CENSUS DESIGNATED PLACE
51890,013,CENSUS DESIGNATED PLACE
52162,013,CENSUS DESIGNATED PLACE
53070,013,INCORPORATED PLACE
54232,013,INCORPORATED PLACE
54764,013,CENSUS DESIGNATED PLACE
57288,013,INCORPORATED PLACE
57456,013,INCORPORATED PLACE
57764,013,INCORPORATED PLACE
58226,013,CENSUS DESIGNATED PLACE
60279,013,CENSUS DESIGNATED PLACE
60620,013,INCORPORATED PLACE
62490,013,CENSUS DESIGNATED PLACE
62700,013,CENSUS DESIGNATED PLACE
68263,013,CENSUS DESIGNATED PLACE
68294,013,INCORPORATED PLACE
68378,013,INCORPORATED PLACE
70266,013,CENSUS DESIGNATED PLACE
71362,013,CENSUS DESIGNATED PLACE
77924,013,CENSUS DESIGNATED PLACE
82842,013,CENSUS DESIGNATED PLACE
83346,013,INCORPORATED PLACE
06150,015,CENSUS DESIGNATED PLACE
17022,015,INCORPORATED PLACE
25086,015,CENSUS DESIGNATED PLACE
29154,015,CENSUS DESIGNATED PLACE
33935,015,CENSUS DESIGNATED PLACE
38702,015,CENSUS DESIGNATED PLACE
72380,015,CENSUS DESIGNATED PLACE
03205,017,CENSUS DESIGNATED PLACE
10256,017,CENSUS DESIGNATED PLACE
10270,017,CENSUS DESIGNATED PLACE
14450,017,CENSUS DESIGNATED PLACE
14764,017,CENSUS DESIGNATED PLACE
19220,017,CENSUS DESIGNATED PLACE
21880,017,CENSUS DESIGNATED PLACE
29350,017,CENSUS DESIGNATED PLACE
31302,017,CENSUS DESIGNATED PLACE
47206,017,CENSUS DESIGNATED PLACE
57540,017,INCORPORATED PLACE
58030,017,CENSUS DESIGNATED PLACE
71554,017,CENSUS DESIGNATED PLACE
73108,017,INCORPORATED PLACE
77728,017,CENSUS DESIGNATED PLACE
03190,019,CENSUS DESIGNATED PLACE
06518,019,CENSUS DESIGNATED PLACE
06728,019,CENSUS DESIGNATED PLACE
07750,019,CENSUS DESIGNATED PLACE
10032,019,CENSUS DESIGNATED PLACE
10816,019,CENSUS DESIGNATED PLACE
11614,019,CENSUS DESIGNATED PLACE
12412,019,CENSUS DESIGNATED PLACE
14218,019,INCORPORATED PLACE
14274,019,INCORPORATED PLACE
18674,019,CENSUS DESIGNATED PLACE
20928,019,CENSUS DESIGNATED PLACE
24134,019,INCORPORATED PLACE
25300,019,CENSUS DESIGNATED PLACE
25436,019,INCORPORATED PLACE
27000,019,INCORPORATED PLACE
27014,019,CENSUS DESIGNATED PLACE
36084,019,INCORPORATED PLACE
38226,019,INCORPORATED PLACE
38562,019,INCORPORATED PLACE
40116,019,CENSUS DESIGNATED PLACE
40746,019,CENSUS DESIGNATED PLACE
45232,019,CENSUS DESIGNATED PLACE
46400,019,CENSUS DESIGNATED PLACE
46828,019,INCORPORATED PLACE
47592,019,CENSUS DESIGNATED PLACE
47822,019,CENSUS DESIGNATED PLACE
48592,019,CENSUS DESIGNATED PLACE
53505,019,CENSUS DESIGNATED PLACE
54008,019,INCORPORATED PLACE
55856,019,INCORPORATED PLACE
59290,019,CENSUS DESIGNATED PLACE
60242,019,INCORPORATED PLACE
61096,019,CENSUS DESIGNATED PLACE
67056,019,INCORPORATED PLACE
67126,019,INCORPORATED PLACE
70882,019,INCORPORATED PLACE
71246,019,CENSUS DESIGNATED PLACE
73794,019,CENSUS DESIGNATED PLACE
75994,019,CENSUS DESIGNATED PLACE
77960,019,CENSUS DESIGNATED PLACE
78652,019,CENSUS DESIGNATED PLACE
80266,019,CENSUS DESIGNATED PLACE
84680,019,CENSUS DESIGNATED PLACE
84863,019,CENSUS DESIGNATED PLACE
02910,021,CENSUS DESIGNATED PLACE
22006,021,CENSUS DESIGNATED PLACE
31890,021,CENSUS DESIGNATED PLACE
54274,021,INCORPORATED PLACE
85684,021,INCORPORATED PLACE
00786,023,CENSUS DESIGNATED PLACE
02476,023,INCORPORATED PLACE
04478,023,CENSUS DESIGNATED PLACE
05262,023,CENSUS DESIGNATED PLACE
06567,023,CENSUS DESIGNATED PLACE
07162,023,INCORPORATED PLACE
17722,023,CENSUS DESIGNATED PLACE
23042,023,INCORPORATED PLACE
23196,023,CENSUS DESIGNATED PLACE
23910,023,INCORPORATED PLACE
24008,023,CENSUS DESIGNATED PLACE
24022,023,CENSUS DESIGNATED PLACE
25296,023,INCORPORATED PLACE
28154,023,CENSUS DESIGNATED PLACE
34540,023,CENSUS DESIGNATED PLACE
34928,023,CENSUS DESIGNATED PLACE
36126,023,CENSUS DESIGNATED PLACE
36420,023,CENSUS DESIGNATED PLACE
38177,023,CENSUS DESIGNATED PLACE
42328,023,CENSUS DESIGNATED PLACE
44910,023,CENSUS DESIGNATED PLACE
45414,023,CENSUS DESIGNATED PLACE
48060,023,CENSUS DESIGNATED PLACE
50146,023,CENSUS DESIGNATED PLACE
50188,023,CENSUS DESIGNATED PLACE
54218,023,CENSUS DESIGNATED PLACE
56854,023,CENSUS DESIGNATED PLACE
57204,023,CENSUS DESIGNATED PLACE
59906,023,CENSUS DESIGNATED PLACE
60088,023,CENSUS DESIGNATED PLACE
60900,023,INCORPORATED PLACE
64392,023,CENSUS DESIGNATED PLACE
70518,023,CENSUS DESIGNATED PLACE
71372,023,CENSUS DESIGNATED PLACE
80448,023,INCORPORATED PLACE
83730,023,CENSUS DESIGNATED PLACE
83906,023,CENSUS DESIGNATED PLACE
84004,023,CENSUS DESIGNATED PLACE
84385,023,CENSUS DESIGNATED PLACE
85642,023,CENSUS DESIGNATED PLACE
07372,025,CENSUS DESIGNATED PLACE
08058,025,INCORPORATED PLACE
09710,025,INCORPORATED PLACE
09878,025,INCORPORATED PLACE
19024,025,CENSUS DESIGNATED PLACE
21782,025,INCORPORATED PLACE
21788,025,CENSUS DESIGNATED PLACE
33084,025,CENSUS DESIGNATED PLACE
34246,025,INCORPORATED PLACE
36280,025,INCORPORATED PLACE
51392,025,CENSUS DESIGNATED PLACE
53378,025,CENSUS DESIGNATED PLACE
55422,025,CENSUS DESIGNATED PLACE
64294,025,CENSUS DESIGNATED PLACE
64308,025,CENSUS DESIGNATED PLACE
70798,025,CENSUS DESIGNATED PLACE
84606,025,INCORPORATED PLACE
86020,025,CENSUS DESIGNATED PLACE
06616,027,CENSUS DESIGNATED PLACE
06798,027,INCORPORATED PLACE
11600,027,CENSUS DESIGNATED PLACE
12730,027,CENSUS DESIGNATED PLACE
18030,027,CENSUS DESIGNATED PLACE
19406,027,CENSUS DESIGNATED PLACE
28021,027,CENSUS DESIGNATED PLACE
34405,027,CENSUS DESIGNATED PLACE
36350,027,CENSUS DESIGNATED PLACE
37918,027,CENSUS DESIGNATED PLACE
42580,027,CENSUS DESIGNATED PLACE
47013,027,CENSUS DESIGNATED PLACE
53490,027,CENSUS DESIGNATED PLACE
56294,027,CENSUS DESIGNATED PLACE
63148,027,CENSUS DESIGNATED PLACE
71680,027,CENSUS DESIGNATED PLACE
78050,027,CENSUS DESIGNATED PLACE
80515,027,CENSUS DESIGNATED PLACE
81925,027,CENSUS DESIGNATED PLACE
84120,027,CENSUS DESIGNATED PLACE
85551,027,CENSUS DESIGNATED PLACE
01358,029,CENSUS DESIGNATED PLACE
02924,029,INCORPORATED PLACE
03526,029,INCORPORATED PLACE
03546,029,CENSUS DESIGNATED PLACE
04734,029,CENSUS DESIGNATED PLACE
05356,029,CENSUS DESIGNATED PLACE
07274,029,CENSUS DESIGNATED PLACE
07568,029,CENSUS DESIGNATED PLACE
09332,029,CENSUS DESIGNATED PLACE
09780,029,INCORPORATED PLACE
11696,029,CENSUS DESIGNATED PLACE
12860,029,CENSUS DESIGNATED PLACE
13157,029,CENSUS DESIGNATED PLACE
13278,029,CENSUS DESIGNATED PLACE
16623,029,CENSUS DESIGNATED PLACE
18394,029,INCORPORATED PLACE
18926,029,CENSUS DESIGNATED PLACE
19248,029,CENSUS DESIGNATED PLACE
20284,029,CENSUS DESIGNATED PLACE
20515,029,CENSUS DESIGNATED PLACE
20903,029,CENSUS DESIGNATED PLACE
21544,029,CENSUS DESIGNATED PLACE
21558,029,CENSUS DESIGNATED PLACE
21600,029,CENSUS DESIGNATED PLACE
21691,029,CENSUS DESIGNATED PLACE
23158,029,CENSUS DESIGNATED PLACE
23812,029,CENSUS DESIGNATED PLACE
24764,029,CENSUS DESIGNATED PLACE
25534,029,CENSUS DESIGNATED PLACE
27190,029,CENSUS DESIGNATED PLACE
30126,029,CENSUS DESIGNATED PLACE
30282,029,CENSUS DESIGNATED PLACE
30412,029,CENSUS DESIGNATED PLACE
30938,029,CENSUS DESIGNATED PLACE
30987,029,CENSUS DESIGNATED PLACE
33689,029,CENSUS DESIGNATED PLACE
36658,029,CENSUS DESIGNATED PLACE
37400,029,CENSUS DESIGNATED PLACE
37946,029,CENSUS DESIGNATED PLACE
38310,029,CENSUS DESIGNATED PLACE
39052,029,CENSUS DESIGNATED PLACE
39570,029,CENSUS DESIGNATED PLACE
39696,029,CENSUS DESIGNATED PLACE
39759,029,CENSUS DESIGNATED PLACE
40088,029,CENSUS DESIGNATED PLACE
40956,029,CENSUS DESIGNATED PLACE
44280,029,CENSUS DESIGNATED PLACE
44826,029,INCORPORATED PLACE
44924,029,CENSUS DESIGNATED PLACE
45736,029,INCORPORATED PLACE
47164,029,CENSUS DESIGNATED PLACE
47192,029,CENSUS DESIGNATED PLACE
48452,029,CENSUS DESIGNATED PLACE
49592,029,CENSUS DESIGNATED PLACE
49600,029,CENSUS DESIGNATED PLACE
51812,029,CENSUS DESIGNATED PLACE
53448,029,CENSUS DESIGNATED PLACE
53503,029,CENSUS DESIGNATED PLACE
53574,029,CENSUS DESIGNATED PLACE
53603,029,CENSUS DESIGNATED PLACE
53910,029,CENSUS DESIGNATED PLACE
57240,029,CENSUS DESIGNATED PLACE
58471,029,CENSUS DESIGNATED PLACE
58940,029,CENSUS DESIGNATED PLACE
59668,029,CENSUS DESIGNATED PLACE
60370,029,CENSUS DESIGNATED PLACE
60704,029,INCORPORATED PLACE
60705,029,CENSUS DESIGNATED PLACE
61108,029,CENSUS DESIGNATED PLACE
62826,029,CENSUS DESIGNATED PLACE
62854,029,CENSUS DESIGNATED PLACE
71106,029,INCORPORATED PLACE
72338,029,CENSUS DESIGNATED PLACE
73388,029,CENSUS DESIGNATED PLACE
73815,029,CENSUS DESIGNATED PLACE
73868,029,CENSUS DESIGNATED PLACE
74021,029,CENSUS DESIGNATED PLACE
77574,029,INCORPORATED PLACE
77588,029,CENSUS DESIGNATED PLACE
77934,029,CENSUS DESIGNATED PLACE
78092,029,INCORPORATED PLACE
80784,029,CENSUS DESIGNATED PLACE
81722,029,CENSUS DESIGNATED PLACE
83542,029,INCORPORATED PLACE
83863,029,CENSUS DESIGNATED PLACE
83948,029,CENSUS DESIGNATED PLACE
86174,029,CENSUS DESIGNATED PLACE
86496,029,CENSUS DESIGNATED PLACE
02700,031,CENSUS DESIGNATED PLACE
03302,031,INCORPORATED PLACE
16224,031,INCORPORATED PLACE
30686,031,CENSUS DESIGNATED PLACE
31960,031,INCORPORATED PLACE
32156,031,CENSUS DESIGNATED PLACE
34281,031,CENSUS DESIGNATED PLACE
38394,031,CENSUS DESIGNATED PLACE
41152,031,INCORPORATED PLACE
41166,031,CENSUS DESIGNATED PLACE
75252,031,CENSUS DESIGNATED PLACE
13945,033,INCORPORATED PLACE
13966,033,CENSUS DESIGNATED PLACE
13985,033,CENSUS DESIGNATED PLACE
14302,033,CENSUS DESIGNATED PLACE
33549,033,CENSUS DESIGNATED PLACE
38044,033,CENSUS DESIGNATED PLACE
39710,033,INCORPORATED PLACE
44350,033,CENSUS DESIGNATED PLACE
44406,033,CENSUS DESIGNATED PLACE
47332,033,CENSUS DESIGNATED PLACE
51294,033,CENSUS DESIGNATED PLACE
51990,033,CENSUS DESIGNATED PLACE
72478,033,CENSUS DESIGNATED PLACE
73690,033,CENSUS DESIGNATED PLACE
81358,033,CENSUS DESIGNATED PLACE
06336,035,CENSUS DESIGNATED PLACE
13910,035,CENSUS DESIGNATED PLACE
19878,035,CENSUS DESIGNATED PLACE
33336,035,CENSUS DESIGNATED PLACE
37134,035,CENSUS DESIGNATED PLACE
37484,035,CENSUS DESIGNATED PLACE
41782,035,CENSUS DESIGNATED PLACE
41908,035,CENSUS DESIGNATED PLACE
45008,035,CENSUS DESIGNATED PLACE
47472,035,CENSUS DESIGNATED PLACE
52610,035,CENSUS DESIGNATED PLACE
56140,035,CENSUS DESIGNATED PLACE
73554,035,CENSUS DESIGNATED PLACE
75122,035,CENSUS DESIGNATED PLACE
77364,035,INCORPORATED PLACE
84928,035,CENSUS DESIGNATED PLACE
00212,037,CENSUS DESIGNATED PLACE
00394,037,INCORPORATED PLACE
00450,037,CENSUS DESIGNATED PLACE
00884,037,INCORPORATED PLACE
01150,037,CENSUS DESIGNATED PLACE
01290,037,CENSUS DESIGNATED PLACE
02462,037,INCORPORATED PLACE
02896,037,INCORPORATED PLACE
03274,037,INCORPORATED PLACE
03344,037,CENSUS DESIGNATED PLACE
03386,037,INCORPORATED PLACE
03666,037,INCORPORATED PLACE
04870,037,INCORPORATED PLACE
04982,037,INCORPORATED PLACE
04996,037,INCORPORATED PLACE
06308,037,INCORPORATED PLACE
07946,037,INCORPORATED PLACE
08954,037,INCORPORATED PLACE
09598,037,INCORPORATED PLACE
11530,037,INCORPORATED PLACE
11796,037,CENSUS DESIGNATED PLACE
12552,037,INCORPORATED PLACE
12734,037,CENSUS DESIGNATED PLACE
13560,037,CENSUS DESIGNATED PLACE
13756,037,INCORPORATED PLACE
14974,037,INCORPORATED PLACE
15044,037,INCORPORATED PLACE
16742,037,INCORPORATED PLACE
17498,037,INCORPORATED PLACE
17568,037,INCORPORATED PLACE
18352,037,CENSUS DESIGNATED PLACE
19052,037,CENSUS DESIGNATED PLACE
19192,037,INCORPORATED PLACE
19766,037,INCORPORATED PLACE
19990,037,INCORPORATED PLACE
20802,037,CENSUS DESIGNATED PLACE
20984,037,CENSUS DESIGNATED PLACE
21034,037,CENSUS DESIGNATED PLACE
21096,037,CENSUS DESIGNATED PLACE
21292,037,CENSUS DESIGNATED PLACE
21964,037,CENSUS DESIGNATED PLACE
22230,037,INCORPORATED PLACE
22412,037,INCORPORATED PLACE
24477,037,CENSUS DESIGNATED PLACE
28168,037,INCORPORATED PLACE
30000,037,INCORPORATED PLACE
30014,037,INCORPORATED PLACE
31092,037,CENSUS DESIGNATED PLACE
31596,037,CENSUS DESIGNATED PLACE
32385,037,CENSUS DESIGNATED PLACE
32506,037,INCORPORATED PLACE
32548,037,INCORPORATED PLACE
33364,037,INCORPORATED PLACE
33518,037,INCORPORATED PLACE
36056,037,INCORPORATED PLACE
36490,037,INCORPORATED PLACE
36546,037,INCORPORATED PLACE
36826,037,INCORPORATED PLACE
39003,037,INCORPORATED PLACE
39045,037,CENSUS DESIGNATED PLACE
39108,037,CENSUS DESIGNATED PLACE
39304,037,INCORPORATED PLACE
39556,037,CENSUS DESIGNATED PLACE
39612,037,CENSUS DESIGNATED PLACE
39892,037,INCORPORATED PLACE
40032,037,INCORPORATED PLACE
40130,037,INCORPORATED PLACE
40340,037,INCORPORATED PLACE
40830,037,INCORPORATED PLACE
40886,037,INCORPORATED PLACE
41180,037,CENSUS DESIGNATED PLACE
41208,037,CENSUS DESIGNATED PLACE
41880,037,CENSUS DESIGNATED PLACE
42468,037,INCORPORATED PLACE
43000,037,INCORPORATED PLACE
44000,037,INCORPORATED PLACE
44574,037,INCORPORATED PLACE
45246,037,INCORPORATED PLACE
45400,037,INCORPORATED PLACE
45806,037,CENSUS DESIGNATED PLACE
46436,037,CENSUS DESIGNATED PLACE
46492,037,INCORPORATED PLACE
48648,037,INCORPORATED PLACE
48816,037,INCORPORATED PLACE
48914,037,INCORPORATED PLACE
51820,037,CENSUS DESIGNATED PLACE
52526,037,INCORPORATED PLACE
55156,037,INCORPORATED PLACE
55380,037,INCORPORATED PLACE
55618,037,INCORPORATED PLACE
56000,037,INCORPORATED PLACE
56598,037,CENSUS DESIGNATED PLACE
56924,037,INCORPORATED PLACE
58072,037,INCORPORATED PLACE
59052,037,CENSUS DESIGNATED PLACE
59514,037,INCORPORATED PLACE
60018,037,INCORPORATED PLACE
62602,037,INCORPORATED PLACE
62644,037,INCORPORATED PLACE
62860,037,CENSUS DESIGNATED PLACE
62896,037,INCORPORATED PLACE
63218,037,CENSUS DESIGNATED PLACE
66070,037,INCORPORATED PLACE
66140,037,INCORPORATED PLACE
67042,037,INCORPORATED PLACE
68224,037,INCORPORATED PLACE
68308,037,CENSUS DESIGNATED PLACE
69088,037,INCORPORATED PLACE
69154,037,INCORPORATED PLACE
70000,037,INCORPORATED PLACE
71806,037,INCORPORATED PLACE
71876,037,INCORPORATED PLACE
72996,037,INCORPORATED PLACE
73080,037,INCORPORATED PLACE
73167,037,CENSUS DESIGNATED PLACE
73220,037,INCORPORATED PLACE
73276,037,CENSUS DESIGNATED PLACE
73290,037,CENSUS DESIGNATED PLACE
73430,037,CENSUS DESIGNATED PLACE
74130,037,CENSUS DESIGNATED PLACE
77308,037,CENSUS DESIGNATED PLACE
78148,037,INCORPORATED PLACE
78960,037,CENSUS DESIGNATED PLACE
80000,037,INCORPORATED PLACE
81638,037,CENSUS DESIGNATED PLACE
81967,037,CENSUS DESIGNATED PLACE
82422,037,INCORPORATED PLACE
82667,037,CENSUS DESIGNATED PLACE
82815,037,CENSUS DESIGNATED PLACE
83332,037,INCORPORATED PLACE
83402,037,CENSUS DESIGNATED PLACE
84116,037,CENSUS DESIGNATED PLACE
84144,037,CENSUS DESIGNATED PLACE
84200,037,INCORPORATED PLACE
84410,037,INCORPORATED PLACE
84438,037,INCORPORATED PLACE
84592,037,CENSUS DESIGNATED PLACE
84774,037,CENSUS DESIGNATED PLACE
84780,037,CENSUS DESIGNATED PLACE
84921,037,CENSUS DESIGNATED PLACE
85292,037,INCORPORATED PLACE
85614,037,CENSUS DESIGNATED PLACE
00478,039,CENSUS DESIGNATED PLACE
04198,039,CENSUS DESIGNATED PLACE
07378,039,CENSUS DESIGNATED PLACE
13294,039,INCORPORATED PLACE
14288,039,CENSUS DESIGNATED PLACE
23210,039,CENSUS DESIGNATED PLACE
40872,039,CENSUS DESIGNATED PLACE
45022,039,INCORPORATED PLACE
45050,039,CENSUS DESIGNATED PLACE
45054,039,CENSUS DESIGNATED PLACE
51470,039,CENSUS DESIGNATED PLACE
51868,039,CENSUS DESIGNATED PLACE
52764,039,CENSUS DESIGNATED PLACE
55751,039,CENSUS DESIGNATED PLACE
55842,039,CENSUS DESIGNATED PLACE
62625,039,CENSUS DESIGNATED PLACE
86878,039,CENSUS DESIGNATED PLACE
01416,041,CENSUS DESIGNATED PLACE
05164,041,INCORPORATED PLACE
06982,041,CENSUS DESIGNATED PLACE
07316,041,CENSUS DESIGNATED PLACE
16462,041,INCORPORATED PLACE
19262,041,CENSUS DESIGNATED PLACE
23168,041,INCORPORATED PLACE
36616,041,CENSUS DESIGNATED PLACE
38114,041,CENSUS DESIGNATED PLACE
39283,041,CENSUS DESIGNATED PLACE
40438,041,INCORPORATED PLACE
44399,041,CENSUS DESIGNATED PLACE
45820,041,CENSUS DESIGNATED PLACE
47710,041,INCORPORATED PLACE
49950,041,CENSUS DESIGNATED PLACE
51280,041,CENSUS DESIGNATED PLACE
52582,041,INCORPORATED PLACE
57960,041,CENSUS DESIGNATED PLACE
62980,041,INCORPORATED PLACE
64434,041,INCORPORATED PLACE
67070,041,CENSUS DESIGNATED PLACE
68364,041,INCORPORATED PLACE
70154,041,CENSUS DESIGNATED PLACE
70364,041,INCORPORATED PLACE
72184,041,CENSUS DESIGNATED PLACE
74172,041,CENSUS DESIGNATED PLACE
75315,041,CENSUS DESIGNATED PLACE
77805,041,CENSUS DESIGNATED PLACE
78666,041,INCORPORATED PLACE
78890,041,CENSUS DESIGNATED PLACE
86216,041,CENSUS DESIGNATED PLACE
04730,043,CENSUS DESIGNATED PLACE
07525,043,CENSUS DESIGNATED PLACE
08716,043,CENSUS DESIGNATED PLACE
12062,043,CENSUS DESIGNATED PLACE
16644,043,CENSUS DESIGNATED PLACE
16886,043,CENSUS DESIGNATED PLACE
22328,043,CENSUS DESIGNATED PLACE
24218,043,CENSUS DESIGNATED PLACE
30900,043,CENSUS DESIGNATED PLACE
34708,043,CENSUS DESIGNATED PLACE
39484,043,CENSUS DESIGNATED PLACE
45932,043,CENSUS DESIGNATED PLACE
47374,043,CENSUS DESIGNATED PLACE
49726,043,CENSUS DESIGNATED PLACE
83766,043,CENSUS DESIGNATED PLACE
86912,043,CENSUS DESIGNATED PLACE
86916,043,CENSUS DESIGNATED PLACE
00716,045,CENSUS DESIGNATED PLACE
02028,045,CENSUS DESIGNATED PLACE
07512,045,CENSUS DESIGNATED PLACE
08530,045,CENSUS DESIGNATED PLACE
09990,045,CENSUS DESIGNATED PLACE
11768,045,CENSUS DESIGNATED PLACE
14008,045,CENSUS DESIGNATED PLACE
15030,045,CENSUS DESIGNATED PLACE
16728,045,CENSUS DESIGNATED PLACE
25058,045,INCORPORATED PLACE
34652,045,CENSUS DESIGNATED PLACE
40928,045,CENSUS DESIGNATED PLACE
41026,045,CENSUS DESIGNATED PLACE
41866,045,CENSUS DESIGNATED PLACE
45386,045,CENSUS DESIGNATED PLACE
46814,045,CENSUS DESIGNATED PLACE
56868,045,CENSUS DESIGNATED PLACE
57876,045,INCORPORATED PLACE
58506,045,CENSUS DESIGNATED PLACE
60214,045,CENSUS DESIGNATED PLACE
77784,045,CENSUS DESIGNATED PLACE
81134,045,INCORPORATED PLACE
85600,045,INCORPORATED PLACE
03162,047,INCORPORATED PLACE
03708,047,CENSUS DESIGNATED PLACE
04632,047,CENSUS DESIGNATED PLACE
17078,047,CENSUS DESIGNATED PLACE
18464,047,CENSUS DESIGNATED PLACE
19612,047,INCORPORATED PLACE
19654,047,CENSUS DESIGNATED PLACE
22286,047,CENSUS DESIGNATED PLACE
25488,047,CENSUS DESIGNATED PLACE
31568,047,INCORPORATED PLACE
33861,047,CENSUS DESIGNATED PLACE
41040,047,CENSUS DESIGNATED PLACE
42006,047,INCORPORATED PLACE
44028,047,INCORPORATED PLACE
45006,047,CENSUS DESIGNATED PLACE
46898,047,INCORPORATED PLACE
57582,047,CENSUS DESIGNATED PLACE
70028,047,CENSUS DESIGNATED PLACE
72408,047,CENSUS DESIGNATED PLACE
72954,047,CENSUS DESIGNATED PLACE
74144,047,CENSUS DESIGNATED PLACE
80882,047,CENSUS DESIGNATED PLACE
81312,047,CENSUS DESIGNATED PLACE
83108,047,CENSUS DESIGNATED PLACE
86076,047,CENSUS DESIGNATED PLACE
00310,049,CENSUS DESIGNATED PLACE
01444,049,INCORPORATED PLACE
09834,049,CENSUS DESIGNATED PLACE
10732,049,CENSUS DESIGNATED PLACE
12328,049,CENSUS DESIGNATED PLACE
17995,049,CENSUS DESIGNATED PLACE
20424,049,CENSUS DESIGNATED PLACE
25030,049,CENSUS DESIGNATED PLACE
39472,049,CENSUS DESIGNATED PLACE
41390,049,CENSUS DESIGNATED PLACE
43126,049,CENSUS DESIGNATED PLACE
51042,049,CENSUS DESIGNATED PLACE
51168,049,CENSUS DESIGNATED PLACE
03026,051,CENSUS DESIGNATED PLACE
05346,051,CENSUS DESIGNATED PLACE
08240,051,CENSUS DESIGNATED PLACE
12594,051,CENSUS DESIGNATED PLACE
14484,051,CENSUS DESIGNATED PLACE
17372,051,CENSUS DESIGNATED PLACE
37624,051,CENSUS DESIGNATED PLACE
40998,051,CENSUS DESIGNATED PLACE
44830,051,CENSUS DESIGNATED PLACE
45358,051,INCORPORATED PLACE
48602,051,CENSUS DESIGNATED PLACE
55528,051,CENSUS DESIGNATED PLACE
76040,051,CENSUS DESIGNATED PLACE
77430,051,CENSUS DESIGNATED PLACE
79030,051,CENSUS DESIGNATED PLACE
81048,051,CENSUS DESIGNATED PLACE
82929,051,CENSUS DESIGNATED PLACE
83262,051,CENSUS DESIGNATED PLACE
02812,053,CENSUS DESIGNATED PLACE
07578,053,CENSUS DESIGNATED PLACE
07974,053,CENSUS DESIGNATED PLACE
11250,053,INCORPORATED PLACE
11324,053,CENSUS DESIGNATED PLACE
11978,053,CENSUS DESIGNATED PLACE
13364,053,CENSUS DESIGNATED PLACE
18590,053,CENSUS DESIGNATED PLACE
18688,053,INCORPORATED PLACE
22034,053,CENSUS DESIGNATED PLACE
25093,053,CENSUS DESIGNATED PLACE
30392,053,INCORPORATED PLACE
30994,053,INCORPORATED PLACE
38520,053,INCORPORATED PLACE
40592,053,CENSUS DESIGNATED PLACE
42146,053,CENSUS DESIGNATED PLACE
45778,053,INCORPORATED PLACE
48872,053,INCORPORATED PLACE
49488,053,CENSUS DESIGNATED PLACE
54848,053,INCORPORATED PLACE
55044,053,CENSUS DESIGNATED PLACE
57070,053,CENSUS DESIGNATED PLACE
58870,053,CENSUS DESIGNATED PLACE
64224,053,INCORPORATED PLACE
64476,053,CENSUS DESIGNATED PLACE
65112,053,INCORPORATED PLACE
68140,053,CENSUS DESIGNATED PLACE
70742,053,INCORPORATED PLACE
72520,053,INCORPORATED PLACE
73612,053,CENSUS DESIGNATED PLACE
01640,055,INCORPORATED PLACE
02168,055,CENSUS DESIGNATED PLACE
09892,055,INCORPORATED PLACE
18324,055,CENSUS DESIGNATED PLACE
49432,055,CENSUS DESIGNATED PLACE
50258,055,INCORPORATED PLACE
53196,055,CENSUS DESIGNATED PLACE
63400,055,CENSUS DESIGNATED PLACE
64140,055,INCORPORATED PLACE
71927,055,CENSUS DESIGNATED PLACE
86930,055,INCORPORATED PLACE
01360,057,CENSUS DESIGNATED PLACE
24526,057,CENSUS DESIGNATED PLACE
30714,057,CENSUS DESIGNATED PLACE
30798,057,INCORPORATED PLACE
38604,057,CENSUS DESIGNATED PLACE
39690,057,CENSUS DESIGNATED PLACE
39885,057,CENSUS DESIGNATED PLACE
50874,057,INCORPORATED PLACE
52246,057,CENSUS DESIGNATED PLACE
56518,057,CENSUS DESIGNATED PLACE
63106,057,CENSUS DESIGNATED PLACE
72492,057,CENSUS DESIGNATED PLACE
80588,057,INCORPORATED PLACE
83570,057,CENSUS DESIGNATED PLACE
00947,059,INCORPORATED PLACE
02000,059,INCORPORATED PLACE
08100,059,INCORPORATED PLACE
08786,059,INCORPORATED PLACE
16532,059,INCORPORATED PLACE
16580,059,CENSUS DESIGNATED PLACE
17750,059,INCORPORATED PLACE
17946,059,INCORPORATED PLACE
25380,059,INCORPORATED PLACE
28000,059,INCORPORATED PLACE
29000,059,INCORPORATED PLACE
36000,059,INCORPORATED PLACE
36770,059,INCORPORATED PLACE
39114,059,CENSUS DESIGNATED PLACE
39178,059,INCORPORATED PLACE
39220,059,INCORPORATED PLACE
39248,059,INCORPORATED PLACE
39259,059,INCORPORATED PLACE
39290,059,INCORPORATED PLACE
39496,059,INCORPORATED PLACE
40256,059,INCORPORATED PLACE
40526,059,CENSUS DESIGNATED PLACE
43224,059,INCORPORATED PLACE
47430,059,CENSUS DESIGNATED PLACE
48256,059,INCORPORATED PLACE
48410,059,CENSUS DESIGNATED PLACE
51182,059,INCORPORATED PLACE
52379,059,CENSUS DESIGNATED PLACE
53980,059,INCORPORATED PLACE
57526,059,INCORPORATED PLACE
59503,059,CENSUS DESIGNATED PLACE
59587,059,INCORPORATED PLACE
63050,059,CENSUS DESIGNATED PLACE
65084,059,INCORPORATED PLACE
68028,059,INCORPORATED PLACE
69000,059,INCORPORATED PLACE
70686,059,INCORPORATED PLACE
71918,059,CENSUS DESIGNATED PLACE
73962,059,INCORPORATED PLACE
80210,059,CENSUS DESIGNATED PLACE
80854,059,INCORPORATED PLACE
82744,059,INCORPORATED PLACE
84550,059,INCORPORATED PLACE
85587,059,CENSUS DESIGNATED PLACE
86832,059,INCORPORATED PLACE
01276,061,CENSUS DESIGNATED PLACE
03204,061,INCORPORATED PLACE
11418,061,CENSUS DESIGNATED PLACE
12216,061,CENSUS DESIGNATED PLACE
14498,061,INCORPORATED PLACE
19455,061,CENSUS DESIGNATED PLACE
20298,061,CENSUS DESIGNATED PLACE
24834,061,CENSUS DESIGNATED PLACE
30693,061,CENSUS DESIGNATED PLACE
38548,061,CENSUS DESIGNATED PLACE
41474,061,INCORPORATED PLACE
43140,061,INCORPORATED PLACE
46632,061,CENSUS DESIGNATED PLACE
51000,061,CENSUS DESIGNATED PLACE
51637,061,CENSUS DESIGNATED PLACE
56546,061,CENSUS DESIGNATED PLACE
62364,061,INCORPORATED PLACE
62938,061,INCORPORATED PLACE
71414,061,CENSUS DESIGNATED PLACE
76015,061,CENSUS DESIGNATED PLACE
77700,061,CENSUS DESIGNATED PLACE
01094,063,CENSUS DESIGNATED PLACE
04772,063,CENSUS DESIGNATED PLACE
04856,063,CENSUS DESIGNATED PLACE
06994,063,CENSUS DESIGNATED PLACE
08744,063,CENSUS DESIGNATED PLACE
10914,063,CENSUS DESIGNATED PLACE
11166,063,CENSUS DESIGNATED PLACE
12930,063,CENSUS DESIGNATED PLACE
13077,063,CENSUS DESIGNATED PLACE
14106,063,CENSUS DESIGNATED PLACE
17050,063,CENSUS DESIGNATED PLACE
17267,063,CENSUS DESIGNATED PLACE
17288,063,CENSUS DESIGNATED PLACE
18485,063,CENSUS DESIGNATED PLACE
21026,063,CENSUS DESIGNATED PLACE
21138,063,CENSUS DESIGNATED PLACE
30339,063,CENSUS DESIGNATED PLACE
30560,063,CENSUS DESIGNATED PLACE
31029,063,CENSUS DESIGNATED PLACE
31162,063,CENSUS DESIGNATED PLACE
31883,063,CENSUS DESIGNATED PLACE
36364,063,CENSUS DESIGNATED PLACE
36735,063,CENSUS DESIGNATED PLACE
37512,063,CENSUS DESIGNATED PLACE
37904,063,CENSUS DESIGNATED PLACE
39411,063,CENSUS DESIGNATED PLACE
39420,063,CENSUS DESIGNATED PLACE
39425,063,CENSUS DESIGNATED PLACE
39483,063,CENSUS DESIGNATED PLACE
40312,063,CENSUS DESIGNATED PLACE
41789,063,CENSUS DESIGNATED PLACE
44672,063,CENSUS DESIGNATED PLACE
46618,063,CENSUS DESIGNATED PLACE
48448,063,CENSUS DESIGNATED PLACE
56182,063,CENSUS DESIGNATED PLACE
57828,063,CENSUS DESIGNATED PLACE
58352,063,INCORPORATED PLACE
58618,063,CENSUS DESIGNATED PLACE
59080,063,CENSUS DESIGNATED PLACE
73654,063,CENSUS DESIGNATED PLACE
78008,063,CENSUS DESIGNATED PLACE
78792,063,CENSUS DESIGNATED PLACE
80952,063,CENSUS DESIGNATED PLACE
81869,063,CENSUS DESIGNATED PLACE
83494,063,CENSUS DESIGNATED PLACE
85086,063,CENSUS DESIGNATED PLACE
00464,065,CENSUS DESIGNATED PLACE
02294,065,CENSUS DESIGNATED PLACE
03820,065,INCORPORATED PLACE
04758,065,INCORPORATED PLACE
06028,065,CENSUS DESIGNATED PLACE
07218,065,INCORPORATED PLACE
09360,065,CENSUS DESIGNATED PLACE
09864,065,INCORPORATED PLACE
10928,065,INCORPORATED PLACE
12048,065,INCORPORATED PLACE
12916,065,CENSUS DESIGNATED PLACE
14260,065,INCORPORATED PLACE
16350,065,INCORPORATED PLACE
16420,065,CENSUS DESIGNATED PLACE
18982,065,CENSUS DESIGNATED PLACE
18986,065,CENSUS DESIGNATED PLACE
18996,065,INCORPORATED PLACE
19022,065,CENSUS DESIGNATED PLACE
20697,065,CENSUS DESIGNATED PLACE
21230,065,INCORPORATED PLACE
21810,065,CENSUS DESIGNATED PLACE
22457,065,CENSUS DESIGNATED PLACE
26067,065,CENSUS DESIGNATED PLACE
29112,065,CENSUS DESIGNATED PLACE
30410,065,CENSUS DESIGNATED PLACE
30944,065,CENSUS DESIGNATED PLACE
33182,065,INCORPORATED PLACE
33574,065,CENSUS DESIGNATED PLACE
34302,065,CENSUS DESIGNATED PLACE
34316,065,CENSUS DESIGNATED PLACE
36203,065,CENSUS DESIGNATED PLACE
36434,065,INCORPORATED PLACE
36448,065,INCORPORATED PLACE
36452,065,CENSUS DESIGNATED PLACE
37692,065,INCORPORATED PLACE
39486,065,INCORPORATED PLACE
39598,065,CENSUS DESIGNATED PLACE
39645,065,CENSUS DESIGNATED PLACE
39715,065,CENSUS DESIGNATED PLACE
39836,065,CENSUS DESIGNATED PLACE
40354,065,INCORPORATED PLACE
45680,065,CENSUS DESIGNATED PLACE
46520,065,CENSUS DESIGNATED PLACE
46646,065,CENSUS DESIGNATED PLACE
46660,065,CENSUS DESIGNATED PLACE
46842,065,INCORPORATED PLACE
47066,065,CENSUS DESIGNATED PLACE
49270,065,INCORPORATED PLACE
49544,065,CENSUS DESIGNATED PLACE
50076,065,INCORPORATED PLACE
51560,065,INCORPORATED PLACE
52302,065,CENSUS DESIGNATED PLACE
52624,065,CENSUS DESIGNATED PLACE
53224,065,CENSUS DESIGNATED PLACE
55184,065,INCORPORATED PLACE
55254,065,INCORPORATED PLACE
56700,065,INCORPORATED PLACE
59500,065,INCORPORATED PLACE
61012,065,CENSUS DESIGNATED PLACE
62000,065,INCORPORATED PLACE
62756,065,CENSUS DESIGNATED PLACE
64056,065,CENSUS DESIGNATED PLACE
67112,065,INCORPORATED PLACE
72156,065,CENSUS DESIGNATED PLACE
78120,065,INCORPORATED PLACE
78138,065,CENSUS DESIGNATED PLACE
78456,065,CENSUS DESIGNATED PLACE
78596,065,CENSUS DESIGNATED PLACE
81708,065,CENSUS DESIGNATED PLACE
83085,065,CENSUS DESIGNATED PLACE
83460,065,CENSUS DESIGNATED PLACE
85208,065,CENSUS DESIGNATED PLACE
85446,065,INCORPORATED PLACE
85894,065,CENSUS DESIGNATED PLACE
86244,065,CENSUS DESIGNATED PLACE
02210,067,CENSUS DESIGNATED PLACE
02553,067,CENSUS DESIGNATED PLACE
11390,067,CENSUS DESIGNATED PLACE
13588,067,INCORPORATED PLACE
13854,067,CENSUS DESIGNATED PLACE
16714,067,CENSUS DESIGNATED PLACE
22020,067,INCORPORATED PLACE
22524,067,CENSUS DESIGNATED PLACE
23294,067,CENSUS DESIGNATED PLACE
24498,067,CENSUS DESIGNATED PLACE
24638,067,INCORPORATED PLACE
24722,067,CENSUS DESIGNATED PLACE
25506,067,CENSUS DESIGNATED PLACE
25590,067,CENSUS DESIGNATED PLACE
27130,067,CENSUS DESIGNATED PLACE
28112,067,INCORPORATED PLACE
30345,067,CENSUS DESIGNATED PLACE
33294,067,CENSUS DESIGNATED PLACE
34484,067,CENSUS DESIGNATED PLACE
36882,067,INCORPORATED PLACE
40410,067,CENSUS DESIGNATED PLACE
41142,067,CENSUS DESIGNATED PLACE
44760,067,CENSUS DESIGNATED PLACE
46226,067,CENSUS DESIGNATED PLACE
51924,067,CENSUS DESIGNATED PLACE
54092,067,CENSUS DESIGNATED PLACE
55800,067,CENSUS DESIGNATED PLACE
59444,067,INCORPORATED PLACE
59506,067,CENSUS DESIGNATED PLACE
60942,067,CENSUS DESIGNATED PLACE
62910,067,CENSUS DESIGNATED PLACE
64000,067,INCORPORATED PLACE
82852,067,CENSUS DESIGNATED PLACE
83374,067,CENSUS DESIGNATED PLACE
85880,067,CENSUS DESIGNATED PLACE
34120,069,INCORPORATED PLACE
60706,069,CENSUS DESIGNATED PLACE
68014,069,INCORPORATED PLACE
80364,069,CENSUS DESIGNATED PLACE
00296,071,INCORPORATED PLACE
02364,071,INCORPORATED PLACE
03512,071,CENSUS DESIGNATED PLACE
04030,071,INCORPORATED PLACE
06406,071,CENSUS DESIGNATED PLACE
06434,071,INCORPORATED PLACE
06635,071,CENSUS DESIGNATED PLACE
07064,071,CENSUS DESIGNATED PLACE
07172,071,CENSUS DESIGNATED PLACE
13210,071,INCORPORATED PLACE
13214,071,INCORPORATED PLACE
14890,071,INCORPORATED PLACE
17162,071,CENSUS DESIGNATED PLACE
24680,071,INCORPORATED PLACE
25114,071,CENSUS DESIGNATED PLACE
30658,071,INCORPORATED PLACE
33434,071,INCORPORATED PLACE
33588,071,INCORPORATED PLACE
34392,071,CENSUS DESIGNATED PLACE
37554,071,CENSUS DESIGNATED PLACE
39444,071,CENSUS DESIGNATED PLACE
41194,071,CENSUS DESIGNATED PLACE
42370,071,INCORPORATED PLACE
44420,071,CENSUS DESIGNATED PLACE
44644,071,CENSUS DESIGNATED PLACE
46884,071,CENSUS DESIGNATED PLACE
48788,071,INCORPORATED PLACE
49348,071,CENSUS DESIGNATED PLACE
49684,071,CENSUS DESIGNATED PLACE
50132,071,CENSUS DESIGNATED PLACE
50734,071,INCORPORATED PLACE
52715,071,CENSUS DESIGNATED PLACE
52760,071,CENSUS DESIGNATED PLACE
53896,071,INCORPORATED PLACE
56826,071,CENSUS DESIGNATED PLACE
57302,071,CENSUS DESIGNATED PLACE
59451,071,INCORPORATED PLACE
59962,071,INCORPORATED PLACE
60466,071,INCORPORATED PLACE
63316,071,CENSUS DESIGNATED PLACE
64462,071,CENSUS DESIGNATED PLACE
65000,071,INCORPORATED PLACE
70728,071,CENSUS DESIGNATED PLACE
71964,071,CENSUS DESIGNATED PLACE
73700,071,CENSUS DESIGNATED PLACE
80994,071,INCORPORATED PLACE
81344,071,INCORPORATED PLACE
82590,071,INCORPORATED PLACE
86594,071,CENSUS DESIGNATED PLACE
86720,071,CENSUS DESIGNATED PLACE
87042,071,INCORPORATED PLACE
87056,071,INCORPORATED PLACE
01192,073,CENSUS DESIGNATED PLACE
07414,073,CENSUS DESIGNATED PLACE
07498,073,CENSUS DESIGNATED PLACE
07596,073,CENSUS DESIGNATED PLACE
07624,073,CENSUS DESIGNATED PLACE
07694,073,CENSUS DESIGNATED PLACE
10508,073,CENSUS DESIGNATED PLACE
10554,073,CENSUS DESIGNATED PLACE
10561,073,CENSUS DESIGNATED PLACE
11194,073,INCORPORATED PLACE
11691,073,CENSUS DESIGNATED PLACE
13392,073,INCORPORATED PLACE
16378,073,INCORPORATED PLACE
17106,073,CENSUS DESIGNATED PLACE
18422,073,CENSUS DESIGNATED PLACE
18506,073,INCORPORATED PLACE
18940,073,CENSUS DESIGNATED PLACE
21712,073,INCORPORATED PLACE
21916,073,CENSUS DESIGNATED PLACE
22678,073,INCORPORATED PLACE
22804,073,INCORPORATED PLACE
23000,073,CENSUS DESIGNATED PLACE
23150,073,CENSUS DESIGNATED PLACE
23462,073,CENSUS DESIGNATED PLACE
30703,073,CENSUS DESIGNATED PLACE
32044,073,CENSUS DESIGNATED PLACE
32212,073,CENSUS DESIGNATED PLACE
33532,073,CENSUS DESIGNATED PLACE
36294,073,INCORPORATED PLACE
37022,073,CENSUS DESIGNATED PLACE
37120,073,CENSUS DESIGNATED PLACE
37582,073,CENSUS DESIGNATED PLACE
39724,073,CENSUS DESIGNATED PLACE
39766,073,CENSUS DESIGNATED PLACE
40004,073,INCORPORATED PLACE
40326,073,CENSUS DESIGNATED PLACE
41124,073,INCORPORATED PLACE
49810,073,CENSUS DESIGNATED PLACE
50398,073,INCORPORATED PLACE
53322,073,INCORPORATED PLACE
55058,073,CENSUS DESIGNATED PLACE
57260,073,CENSUS DESIGNATED PLACE
58478,073,CENSUS DESIGNATED PLACE
58520,073,INCORPORATED PLACE
59248,073,CENSUS DESIGNATED PLACE
59346,073,CENSUS DESIGNATED PLACE
59550,073,CENSUS DESIGNATED PLACE
59584,073,CENSUS DESIGNATED PLACE
66000,073,INCORPORATED PLACE
66004,073,CENSUS DESIGNATED PLACE
68196,073,INCORPORATED PLACE
70224,073,INCORPORATED PLACE
72506,073,INCORPORATED PLACE
73696,073,CENSUS DESIGNATED PLACE
81736,073,CENSUS DESIGNATED PLACE
82996,073,INCORPORATED PLACE
85992,073,CENSUS DESIGNATED PLACE
67000,075,INCORPORATED PLACE
00156,077,CENSUS DESIGNATED PLACE
03209,077,CENSUS DESIGNATED PLACE
14708,077,CENSUS DESIGNATED PLACE
16651,077,CENSUS DESIGNATED PLACE
19440,077,CENSUS DESIGNATED PLACE
22790,077,INCORPORATED PLACE
23630,077,CENSUS DESIGNATED PLACE
26028,077,CENSUS DESIGNATED PLACE
28182,077,CENSUS DESIGNATED PLACE
38065,077,CENSUS DESIGNATED PLACE
40704,077,INCORPORATED PLACE
41558,077,CENSUS DESIGNATED PLACE
41670,077,CENSUS DESIGNATED PLACE
42104,077,CENSUS DESIGNATED PLACE
42202,077,INCORPORATED PLACE
45484,077,INCORPORATED PLACE
49180,077,CENSUS DESIGNATED PLACE
49582,077,CENSUS DESIGNATED PLACE
56798,077,CENSUS DESIGNATED PLACE
61026,077,INCORPORATED PLACE
75000,077,INCORPORATED PLACE
77595,077,CENSUS DESIGNATED PLACE
78232,077,CENSUS DESIGNATED PLACE
78568,077,CENSUS DESIGNATED PLACE
80238,077,INCORPORATED PLACE
82562,077,CENSUS DESIGNATED PLACE
83626,077,CENSUS DESIGNATED PLACE
86230,077,CENSUS DESIGNATED PLACE
02868,079,INCORPORATED PLACE
03064,079,INCORPORATED PLACE
03330,079,CENSUS DESIGNATED PLACE
06935,079,CENSUS DESIGNATED PLACE
09835,079,CENSUS DESIGNATED PLACE
09948,079,CENSUS DESIGNATED PLACE
10074,079,CENSUS DESIGNATED PLACE
12132,079,CENSUS DESIGNATED PLACE
17232,079,CENSUS DESIGNATED PLACE
21565,079,CENSUS DESIGNATED PLACE
22300,079,INCORPORATED PLACE
28210,079,CENSUS DESIGNATED PLACE
31393,079,INCORPORATED PLACE
39670,079,CENSUS DESIGNATED PLACE
44042,079,CENSUS DESIGNATED PLACE
44182,079,CENSUS DESIGNATED PLACE
44242,079,CENSUS DESIGNATED PLACE
49362,079,INCORPORATED PLACE
51476,079,CENSUS DESIGNATED PLACE
53160,079,CENSUS DESIGNATED PLACE
53294,079,CENSUS DESIGNATED PLACE
57414,079,INCORPORATED PLACE
68154,079,INCORPORATED PLACE
68266,079,CENSUS DESIGNATED PLACE
68434,079,CENSUS DESIGNATED PLACE
69182,079,CENSUS DESIGNATED PLACE
71134,079,CENSUS DESIGNATED PLACE
78162,079,CENSUS DESIGNATED PLACE
85222,079,CENSUS DESIGNATED PLACE
86380,079,CENSUS DESIGNATED PLACE
03092,081,INCORPORATED PLACE
04549,081,CENSUS DESIGNATED PLACE
05108,081,INCORPORATED PLACE
08310,081,INCORPORATED PLACE
08338,081,CENSUS DESIGNATED PLACE
09066,081,INCORPORATED PLACE
14736,081,INCORPORATED PLACE
17918,081,INCORPORATED PLACE
20956,081,INCORPORATED PLACE
21936,081,CENSUS DESIGNATED PLACE
22587,081,CENSUS DESIGNATED PLACE
25338,081,INCORPORATED PLACE
31708,081,INCORPORATED PLACE
33632,081,CENSUS DESIGNATED PLACE
33798,081,INCORPORATED PLACE
39094,081,CENSUS DESIGNATED PLACE
39318,081,CENSUS DESIGNATED PLACE
42384,081,CENSUS DESIGNATED PLACE
46870,081,INCORPORATED PLACE
47486,081,INCORPORATED PLACE
48760,081,CENSUS DESIGNATED PLACE
49446,081,CENSUS DESIGNATED PLACE
51840,081,CENSUS DESIGNATED PLACE
54806,081,INCORPORATED PLACE
56756,081,CENSUS DESIGNATED PLACE
58380,081,INCORPORATED PLACE
60102,081,INCORPORATED PLACE
65028,081,INCORPORATED PLACE
65070,081,INCORPORATED PLACE
68252,081,INCORPORATED PLACE
73262,081,INCORPORATED PLACE
84536,081,CENSUS DESIGNATED PLACE
86440,081,INCORPORATED PLACE
03694,083,CENSUS DESIGNATED PLACE
08758,083,INCORPORATED PLACE
11446,083,INCORPORATED PLACE
11754,083,CENSUS DESIGNATED PLACE
17727,083,CENSUS DESIGNATED PLACE
20574,083,CENSUS DESIGNATED PLACE
29070,083,CENSUS DESIGNATED PLACE
30378,083,INCORPORATED PLACE
31414,083,INCORPORATED PLACE
36868,083,CENSUS DESIGNATED PLACE
42524,083,INCORPORATED PLACE
43252,083,CENSUS DESIGNATED PLACE
44168,083,CENSUS DESIGNATED PLACE
48147,083,CENSUS DESIGNATED PLACE
48186,083,CENSUS DESIGNATED PLACE
48844,083,CENSUS DESIGNATED PLACE
51028,083,CENSUS DESIGNATED PLACE
54120,083,CENSUS DESIGNATED PLACE
69070,083,INCORPORATED PLACE
69196,083,INCORPORATED PLACE
70182,083,CENSUS DESIGNATED PLACE
72086,083,CENSUS DESIGNATED PLACE
72576,083,INCORPORATED PLACE
75714,083,CENSUS DESIGNATED PLACE
79529,083,CENSUS DESIGNATED PLACE
81316,083,CENSUS DESIGNATED PLACE
82072,083,CENSUS DESIGNATED PLACE
82086,083,CENSUS DESIGNATED PLACE
01458,085,CENSUS DESIGNATED PLACE
08968,085,CENSUS DESIGNATED PLACE
10088,085,CENSUS DESIGNATED PLACE
10345,085,INCORPORATED PLACE
17610,085,INCORPORATED PLACE
20598,085,CENSUS DESIGNATED PLACE
27080,085,CENSUS DESIGNATED PLACE
29504,085,INCORPORATED PLACE
41282,085,CENSUS DESIGNATED PLACE
43280,085,INCORPORATED PLACE
43294,085,INCORPORATED PLACE
44112,085,INCORPORATED PLACE
44378,085,CENSUS DESIGNATED PLACE
47766,085,INCORPORATED PLACE
48956,085,INCORPORATED PLACE
49278,085,INCORPORATED PLACE
49670,085,INCORPORATED PLACE
55282,085,INCORPORATED PLACE
68000,085,INCORPORATED PLACE
68238,085,CENSUS DESIGNATED PLACE
69084,085,INCORPORATED PLACE
70280,085,INCORPORATED PLACE
73906,085,CENSUS DESIGNATED PLACE
77000,085,INCORPORATED PLACE
01651,087,CENSUS DESIGNATED PLACE
02378,087,CENSUS DESIGNATED PLACE
02382,087,CENSUS DESIGNATED PLACE
05332,087,CENSUS DESIGNATED PLACE
07470,087,CENSUS DESIGNATED PLACE
07652,087,CENSUS DESIGNATED PLACE
08478,087,CENSUS DESIGNATED PLACE
11040,087,INCORPORATED PLACE
16434,087,CENSUS DESIGNATED PLACE
18086,087,CENSUS DESIGNATED PLACE
18153,087,CENSUS DESIGNATED PLACE
23826,087,CENSUS DESIGNATED PLACE
25576,087,CENSUS DESIGNATED PLACE
36613,087,CENSUS DESIGNATED PLACE
40508,087,CENSUS DESIGNATED PLACE
41922,087,CENSUS DESIGNATED PLACE
42510,087,CENSUS DESIGNATED PLACE
49796,087,CENSUS DESIGNATED PLACE
55048,087,CENSUS DESIGNATED PLACE
55604,087,CENSUS DESIGNATED PLACE
56028,087,CENSUS DESIGNATED PLACE
57825,087,CENSUS DESIGNATED PLACE
60928,087,CENSUS DESIGNATED PLACE
69112,087,INCORPORATED PLACE
70588,087,INCORPORATED PLACE
70644,087,CENSUS DESIGNATED PLACE
72688,087,CENSUS DESIGNATED PLACE
81050,087,CENSUS DESIGNATED PLACE
83668,087,INCORPORATED PLACE
87090,087,CENSUS DESIGNATED PLACE
02042,089,INCORPORATED PLACE
04926,089,CENSUS DESIGNATED PLACE
06475,089,CENSUS DESIGNATED PLACE
09122,089,CENSUS DESIGNATED PLACE
11782,089,CENSUS DESIGNATED PLACE
11824,089,CENSUS DESIGNATED PLACE
12415,089,CENSUS DESIGNATED PLACE
16630,089,CENSUS DESIGNATED PLACE
23532,089,CENSUS DESIGNATED PLACE
26056,089,CENSUS DESIGNATED PLACE
32036,089,CENSUS DESIGNATED PLACE
32408,089,CENSUS DESIGNATED PLACE
36252,089,CENSUS DESIGNATED PLACE
37442,089,CENSUS DESIGNATED PLACE
37533,089,CENSUS DESIGNATED PLACE
38352,089,CENSUS DESIGNATED PLACE
39514,089,CENSUS DESIGNATED PLACE
44700,089,CENSUS DESIGNATED PLACE
47724,089,CENSUS DESIGNATED PLACE
48998,089,CENSUS DESIGNATED PLACE
49558,089,CENSUS DESIGNATED PLACE
53140,089,CENSUS DESIGNATED PLACE
53602,089,CENSUS DESIGNATED PLACE
53882,089,CENSUS DESIGNATED PLACE
55296,089,CENSUS DESIGNATED PLACE
57666,089,CENSUS DESIGNATED PLACE
59920,089,INCORPORATED PLACE
63134,089,CENSUS DESIGNATED PLACE
71218,089,CENSUS DESIGNATED PLACE
71225,089,INCORPORATED PLACE
71568,089,CENSUS DESIGNATED PLACE
85250,089,CENSUS DESIGNATED PLACE
00982,091,CENSUS DESIGNATED PLACE
10004,091,CENSUS DESIGNATED PLACE
19794,091,CENSUS DESIGNATED PLACE
30420,091,CENSUS DESIGNATED PLACE
44364,091,INCORPORATED PLACE
57036,091,CENSUS DESIGNATED PLACE
70336,091,CENSUS DESIGNATED PLACE
71774,091,CENSUS DESIGNATED PLACE
71778,091,CENSUS DESIGNATED PLACE
71848,091,CENSUS DESIGNATED PLACE
82334,091,CENSUS DESIGNATED PLACE
11481,093,CENSUS DESIGNATED PLACE
19584,093,INCORPORATED PLACE
20242,093,INCORPORATED PLACE
21530,093,CENSUS DESIGNATED PLACE
22972,093,INCORPORATED PLACE
25128,093,INCORPORATED PLACE
29252,093,CENSUS DESIGNATED PLACE
31134,093,CENSUS DESIGNATED PLACE
31246,093,CENSUS DESIGNATED PLACE
32030,093,CENSUS DESIGNATED PLACE
34694,093,CENSUS DESIGNATED PLACE
39728,093,CENSUS DESIGNATED PLACE
44784,093,CENSUS DESIGNATED PLACE
44812,093,CENSUS DESIGNATED PLACE
48690,093,INCORPORATED PLACE
49768,093,CENSUS DESIGNATED PLACE
49852,093,INCORPORATED PLACE
78176,093,CENSUS DESIGNATED PLACE
80686,093,INCORPORATED PLACE
83850,093,INCORPORATED PLACE
86944,093,INCORPORATED PLACE
00996,095,CENSUS DESIGNATED PLACE
05290,095,INCORPORATED PLACE
19402,095,INCORPORATED PLACE
22146,095,CENSUS DESIGNATED PLACE
23182,095,INCORPORATED PLACE
31099,095,CENSUS DESIGNATED PLACE
32340,095,CENSUS DESIGNATED PLACE
60984,095,INCORPORATED PLACE
75630,095,INCORPORATED PLACE
81554,095,INCORPORATED PLACE
81666,095,INCORPORATED PLACE
07036,097,CENSUS DESIGNATED PLACE
07246,097,CENSUS DESIGNATED PLACE
07260,097,CENSUS DESIGNATED PLACE
07848,097,CENSUS DESIGNATED PLACE
11376,097,CENSUS DESIGNATED PLACE
12146,097,CENSUS DESIGNATED PLACE
14190,097,INCORPORATED PLACE
16560,097,INCORPORATED PLACE
21894,097,CENSUS DESIGNATED PLACE
22510,097,CENSUS DESIGNATED PLACE
23973,097,CENSUS DESIGNATED PLACE
24960,097,CENSUS DESIGNATED PLACE
28014,097,CENSUS DESIGNATED PLACE
29420,097,CENSUS DESIGNATED PLACE
30028,097,CENSUS DESIGNATED PLACE
30812,097,CENSUS DESIGNATED PLACE
31470,097,CENSUS DESIGNATED PLACE
33056,097,INCORPORATED PLACE
37274,097,CENSUS DESIGNATED PLACE
38156,097,CENSUS DESIGNATED PLACE
40426,097,CENSUS DESIGNATED PLACE
48928,097,CENSUS DESIGNATED PLACE
53266,097,CENSUS DESIGNATED PLACE
56476,097,CENSUS DESIGNATED PLACE
56784,097,INCORPORATED PLACE
56786,097,CENSUS DESIGNATED PLACE
62546,097,INCORPORATED PLACE
64252,097,CENSUS DESIGNATED PLACE
70098,097,INCORPORATED PLACE
70712,097,CENSUS DESIGNATED PLACE
70770,097,INCORPORATED PLACE
71000,097,CENSUS DESIGNATED PLACE
72646,097,INCORPORATED PLACE
72654,097,CENSUS DESIGNATED PLACE
78126,097,CENSUS DESIGNATED PLACE
78715,097,CENSUS DESIGNATED PLACE
81778,097,CENSUS DESIGNATED PLACE
85922,097,INCORPORATED PLACE
00535,099,CENSUS DESIGNATED PLACE
08172,099,CENSUS DESIGNATED PLACE
09353,099,CENSUS DESIGNATED PLACE
12524,099,INCORPORATED PLACE
16762,099,CENSUS DESIGNATED PLACE
17428,099,CENSUS DESIGNATED PLACE
18695,099,CENSUS DESIGNATED PLACE
18856,099,CENSUS DESIGNATED PLACE
19155,099,CENSUS DESIGNATED PLACE
20907,099,CENSUS DESIGNATED PLACE
22622,099,CENSUS DESIGNATED PLACE
30882,099,CENSUS DESIGNATED PLACE
33504,099,CENSUS DESIGNATED PLACE
34904,099,INCORPORATED PLACE
38422,099,CENSUS DESIGNATED PLACE
38786,099,CENSUS DESIGNATED PLACE
39164,099,CENSUS DESIGNATED PLACE
48354,099,INCORPORATED PLACE
48916,099,CENSUS DESIGNATED PLACE
51140,099,INCORPORATED PLACE
52694,099,INCORPORATED PLACE
53987,099,CENSUS DESIGNATED PLACE
55728,099,CENSUS DESIGNATED PLACE
56112,099,INCORPORATED PLACE
61068,099,INCORPORATED PLACE
61106,099,CENSUS DESIGNATED PLACE
63168,099,CENSUS DESIGNATED PLACE
64210,099,CENSUS DESIGNATED PLACE
80812,099,INCORPORATED PLACE
81792,099,CENSUS DESIGNATED PLACE
83612,099,INCORPORATED PLACE
84480,099,CENSUS DESIGNATED PLACE
84578,099,CENSUS DESIGNATED PLACE
20900,101,CENSUS DESIGNATED PLACE
41936,101,INCORPORATED PLACE
46926,101,CENSUS DESIGNATED PLACE
51336,101,CENSUS DESIGNATED PLACE
60970,101,CENSUS DESIGNATED PLACE
62168,101,CENSUS DESIGNATED PLACE
77378,101,CENSUS DESIGNATED PLACE
80560,101,CENSUS DESIGNATED PLACE
86972,101,INCORPORATED PLACE
05276,103,CENSUS DESIGNATED PLACE
16322,103,INCORPORATED PLACE
17876,103,CENSUS DESIGNATED PLACE
24568,103,CENSUS DESIGNATED PLACE
29392,103,CENSUS DESIGNATED PLACE
39460,103,CENSUS DESIGNATED PLACE
40536,103,CENSUS DESIGNATED PLACE
44140,103,CENSUS DESIGNATED PLACE
45512,103,CENSUS DESIGNATED PLACE
47794,103,CENSUS DESIGNATED PLACE
56042,103,CENSUS DESIGNATED PLACE
56196,103,CENSUS DESIGNATED PLACE
58814,103,CENSUS DESIGNATED PLACE
59604,103,CENSUS DESIGNATED PLACE
59892,103,INCORPORATED PLACE
60592,103,CENSUS DESIGNATED PLACE
78106,103,INCORPORATED PLACE
82786,103,CENSUS DESIGNATED PLACE
09150,105,CENSUS DESIGNATED PLACE
14406,105,CENSUS DESIGNATED PLACE
19724,105,CENSUS DESIGNATED PLACE
32562,105,CENSUS DESIGNATED PLACE
36098,105,CENSUS DESIGNATED PLACE
37596,105,CENSUS DESIGNATED PLACE
41278,105,CENSUS DESIGNATED PLACE
45092,105,CENSUS DESIGNATED PLACE
58456,105,CENSUS DESIGNATED PLACE
63386,105,CENSUS DESIGNATED PLACE
64378,105,CENSUS DESIGNATED PLACE
80476,105,CENSUS DESIGNATED PLACE
80483,105,CENSUS DESIGNATED PLACE
83794,105,CENSUS DESIGNATED PLACE
01010,107,CENSUS DESIGNATED PLACE
01164,107,CENSUS DESIGNATED PLACE
09822,107,CENSUS DESIGNATED PLACE
10494,107,CENSUS DESIGNATED PLACE
12314,107,CENSUS DESIGNATED PLACE
17708,107,CENSUS DESIGNATED PLACE
18450,107,CENSUS DESIGNATED PLACE
19318,107,INCORPORATED PLACE
20032,107,CENSUS DESIGNATED PLACE
20438,107,CENSUS DESIGNATED PLACE
20942,107,CENSUS DESIGNATED PLACE
21012,107,CENSUS DESIGNATED PLACE
21210,107,CENSUS DESIGNATED PLACE
22235,107,CENSUS DESIGNATED PLACE
22360,107,CENSUS DESIGNATED PLACE
23126,107,INCORPORATED PLACE
23616,107,INCORPORATED PLACE
30476,107,CENSUS DESIGNATED PLACE
32324,107,CENSUS DESIGNATED PLACE
36135,107,CENSUS DESIGNATED PLACE
36168,107,CENSUS DESIGNATED PLACE
36910,107,CENSUS DESIGNATED PLACE
37568,107,CENSUS DESIGNATED PLACE
38076,107,CENSUS DESIGNATED PLACE
41110,107,CENSUS DESIGNATED PLACE
41656,107,CENSUS DESIGNATED PLACE
41712,107,INCORPORATED PLACE
41740,107,CENSUS DESIGNATED PLACE
42566,107,CENSUS DESIGNATED PLACE
44770,107,CENSUS DESIGNATED PLACE
46223,107,CENSUS DESIGNATED PLACE
48676,107,CENSUS DESIGNATED PLACE
54372,107,CENSUS DESIGNATED PLACE
55506,107,CENSUS DESIGNATED PLACE
56120,107,CENSUS DESIGNATED PLACE
57011,107,CENSUS DESIGNATED PLACE
57134,107,CENSUS DESIGNATED PLACE
57512,107,CENSUS DESIGNATED PLACE
57568,107,CENSUS DESIGNATED PLACE
58134,107,CENSUS DESIGNATED PLACE
58191,107,CENSUS DESIGNATED PLACE
58240,107,INCORPORATED PLACE
58422,107,CENSUS DESIGNATED PLACE
58436,107,CENSUS DESIGNATED PLACE
60606,107,CENSUS DESIGNATED PLACE
62496,107,CENSUS DESIGNATED PLACE
70966,107,CENSUS DESIGNATED PLACE
71078,107,CENSUS DESIGNATED PLACE
71932,107,CENSUS DESIGNATED PLACE
73710,107,CENSUS DESIGNATED PLACE
75280,107,CENSUS DESIGNATED PLACE
75592,107,CENSUS DESIGNATED PLACE
75596,107,CENSUS DESIGNATED PLACE
75672,107,CENSUS DESIGNATED PLACE
78288,107,CENSUS DESIGNATED PLACE
78336,107,CENSUS DESIGNATED PLACE
78638,107,CENSUS DESIGNATED PLACE
78750,107,CENSUS DESIGNATED PLACE
78932,107,CENSUS DESIGNATED PLACE
78949,107,CENSUS DESIGNATED PLACE
80280,107,CENSUS DESIGNATED PLACE
80644,107,INCORPORATED PLACE
82954,107,INCORPORATED PLACE
83724,107,CENSUS DESIGNATED PLACE
84345,107,CENSUS DESIGNATED PLACE
85866,107,CENSUS DESIGNATED PLACE
86300,107,INCORPORATED PLACE
86482,107,CENSUS DESIGNATED PLACE
86489,107,CENSUS DESIGNATED PLACE
86734,107,CENSUS DESIGNATED PLACE
12300,109,CENSUS DESIGNATED PLACE
13182,109,CENSUS DESIGNATED PLACE
14454,109,CENSUS DESIGNATED PLACE
14904,109,CENSUS DESIGNATED PLACE
21188,109,CENSUS DESIGNATED PLACE
31372,109,CENSUS DESIGNATED PLACE
37106,109,CENSUS DESIGNATED PLACE
42622,109,CENSUS DESIGNATED PLACE
48298,109,CENSUS DESIGNATED PLACE
48641,109,CENSUS DESIGNATED PLACE
56870,109,CENSUS DESIGNATED PLACE
57244,109,CENSUS DESIGNATED PLACE
71834,109,CENSUS DESIGNATED PLACE
72674,109,INCORPORATED PLACE
72772,109,CENSUS DESIGNATED PLACE
75322,109,CENSUS DESIGNATED PLACE
80763,109,CENSUS DESIGNATED PLACE
80896,109,CENSUS DESIGNATED PLACE
80966,109,CENSUS DESIGNATED PLACE
04938,111,CENSUS DESIGNATED PLACE
10046,111,INCORPORATED PLACE
11656,111,CENSUS DESIGNATED PLACE
12669,111,CENSUS DESIGNATED PLACE
22370,111,CENSUS DESIGNATED PLACE
24092,111,INCORPORATED PLACE
39735,111,CENSUS DESIGNATED PLACE
46702,111,CENSUS DESIGNATED PLACE
48046,111,CENSUS DESIGNATED PLACE
49138,111,INCORPORATED PLACE
53116,111,CENSUS DESIGNATED PLACE
53182,111,CENSUS DESIGNATED PLACE
53476,111,INCORPORATED PLACE
54652,111,INCORPORATED PLACE
57372,111,CENSUS DESIGNATED PLACE
58296,111,INCORPORATED PLACE
65042,111,INCORPORATED PLACE
70042,111,INCORPORATED PLACE
70130,111,CENSUS DESIGNATED PLACE
70140,111,CENSUS DESIGNATED PLACE
70322,111,CENSUS DESIGNATED PLACE
72016,111,INCORPORATED PLACE
72632,111,CENSUS DESIGNATED PLACE
78582,111,INCORPORATED PLACE
08506,113,CENSUS DESIGNATED PLACE
13784,113,CENSUS DESIGNATED PLACE
18100,113,INCORPORATED PLACE
20228,113,CENSUS DESIGNATED PLACE
22104,113,CENSUS DESIGNATED PLACE
22846,113,CENSUS DESIGNATED PLACE
31540,113,CENSUS DESIGNATED PLACE
38800,113,CENSUS DESIGNATED PLACE
45064,113,CENSUS DESIGNATED PLACE
49045,113,CENSUS DESIGNATED PLACE
63302,113,CENSUS DESIGNATED PLACE
77860,113,CENSUS DESIGNATED PLACE
81302,113,CENSUS DESIGNATED PLACE
84816,113,INCORPORATED PLACE
86034,113,INCORPORATED PLACE
86328,113,INCORPORATED PLACE
86804,113,CENSUS DESIGNATED PLACE
04576,115,CENSUS DESIGNATED PLACE
10676,115,CENSUS DESIGNATED PLACE
12612,115,CENSUS DESIGNATED PLACE
19416,115,CENSUS DESIGNATED PLACE
41572,115,CENSUS DESIGNATED PLACE
42412,115,CENSUS DESIGNATED PLACE
46170,115,INCORPORATED PLACE
53714,115,CENSUS DESIGNATED PLACE
57829,115,CENSUS DESIGNATED PLACE
72282,115,CENSUS DESIGNATED PLACE
85012,115,INCORPORATED PLACE
